,result,table,_start,_stop,_time,_value,_field,_measurement,device_id,orig_adapter
,,0,2021-10-11T10:05:49Z,2021-10-14T10:05:49.343Z,2021-10-11T10:10:00Z,398.3333,lux,telemetry,Upi_iotdev_9,hono-mqtt
,,0,2021-10-11T10:05:49Z,2021-10-14T10:05:49.343Z,2021-10-11T10:20:00Z,435,lux,telemetry,Upi_iotdev_9,hono-mqtt
,,0,2021-10-11T10:05:49Z,2021-10-14T10:05:49.343Z,2021-10-11T10:30:00Z,,lux,telemetry,Upi_iotdev_9,hono-mqtt
,,0,2021-10-11T10:05:49Z,2021-10-14T10:05:49.343Z,2021-10-11T10:40:00Z,188.3333,lux,telemetry,Upi_iotdev_9,hono-mqtt
,,0,2021-10-11T10:05:49Z,2021-10-14T10:05:49.343Z,2021-10-11T10:50:00Z,,lux,telemetry,Upi_iotdev_9,hono-mqtt
,,0,2021-10-11T10:05:49Z,2021-10-14T10:05:49.343Z,2021-10-11T11:00:00Z,4.166667,lux,telemetry,Upi_iotdev_9,hono-mqtt
,,0,2021-10-11T10:05:49Z,2021-10-14T10:05:49.343Z,2021-10-11T11:10:00Z,,lux,telemetry,Upi_iotdev_9,hono-mqtt
,,0,2021-10-11T10:05:49Z,2021-10-14T10:05:49.343Z,2021-10-11T11:20:00Z,0,lux,telemetry,Upi_iotdev_9,hono-mqtt
,,0,2021-10-11T10:05:49Z,2021-10-14T10:05:49.343Z,2021-10-11T11:30:00Z,0,lux,telemetry,Upi_iotdev_9,hono-mqtt
,,0,2021-10-11T10:05:49Z,2021-10-14T10:05:49.343Z,2021-10-11T11:40:00Z,0,lux,telemetry,Upi_iotdev_9,hono-mqtt
,,0,2021-10-11T10:05:49Z,2021-10-14T10:05:49.343Z,2021-10-11T11:50:00Z,0,lux,telemetry,Upi_iotdev_9,hono-mqtt
,,0,2021-10-11T10:05:49Z,2021-10-14T10:05:49.343Z,2021-10-11T12:00:00Z,0,lux,telemetry,Upi_iotdev_9,hono-mqtt
,,0,2021-10-11T10:05:49Z,2021-10-14T10:05:49.343Z,2021-10-11T12:10:00Z,0,lux,telemetry,Upi_iotdev_9,hono-mqtt
,,0,2021-10-11T10:05:49Z,2021-10-14T10:05:49.343Z,2021-10-11T12:20:00Z,0,lux,telemetry,Upi_iotdev_9,hono-mqtt
,,0,2021-10-11T10:05:49Z,2021-10-14T10:05:49.343Z,2021-10-11T12:30:00Z,,lux,telemetry,Upi_iotdev_9,hono-mqtt
,,0,2021-10-11T10:05:49Z,2021-10-14T10:05:49.343Z,2021-10-11T12:40:00Z,0,lux,telemetry,Upi_iotdev_9,hono-mqtt
,,0,2021-10-11T10:05:49Z,2021-10-14T10:05:49.343Z,2021-10-11T12:50:00Z,0,lux,telemetry,Upi_iotdev_9,hono-mqtt
,,0,2021-10-11T10:05:49Z,2021-10-14T10:05:49.343Z,2021-10-11T13:00:00Z,0,lux,telemetry,Upi_iotdev_9,hono-mqtt
,,0,2021-10-11T10:05:49Z,2021-10-14T10:05:49.343Z,2021-10-11T13:10:00Z,0,lux,telemetry,Upi_iotdev_9,hono-mqtt
,,0,2021-10-11T10:05:49Z,2021-10-14T10:05:49.343Z,2021-10-11T13:20:00Z,0,lux,telemetry,Upi_iotdev_9,hono-mqtt
,,0,2021-10-11T10:05:49Z,2021-10-14T10:05:49.343Z,2021-10-11T13:30:00Z,0,lux,telemetry,Upi_iotdev_9,hono-mqtt
,,0,2021-10-11T10:05:49Z,2021-10-14T10:05:49.343Z,2021-10-11T13:40:00Z,0,lux,telemetry,Upi_iotdev_9,hono-mqtt
,,0,2021-10-11T10:05:49Z,2021-10-14T10:05:49.343Z,2021-10-11T13:50:00Z,0,lux,telemetry,Upi_iotdev_9,hono-mqtt
,,0,2021-10-11T10:05:49Z,2021-10-14T10:05:49.343Z,2021-10-11T14:00:00Z,0,lux,telemetry,Upi_iotdev_9,hono-mqtt
,,0,2021-10-11T10:05:49Z,2021-10-14T10:05:49.343Z,2021-10-11T14:10:00Z,0,lux,telemetry,Upi_iotdev_9,hono-mqtt
,,0,2021-10-11T10:05:49Z,2021-10-14T10:05:49.343Z,2021-10-11T14:20:00Z,0,lux,telemetry,Upi_iotdev_9,hono-mqtt
,,0,2021-10-11T10:05:49Z,2021-10-14T10:05:49.343Z,2021-10-11T14:30:00Z,0,lux,telemetry,Upi_iotdev_9,hono-mqtt
,,0,2021-10-11T10:05:49Z,2021-10-14T10:05:49.343Z,2021-10-11T14:40:00Z,0,lux,telemetry,Upi_iotdev_9,hono-mqtt
,,0,2021-10-11T10:05:49Z,2021-10-14T10:05:49.343Z,2021-10-11T14:50:00Z,0,lux,telemetry,Upi_iotdev_9,hono-mqtt
,,0,2021-10-11T10:05:49Z,2021-10-14T10:05:49.343Z,2021-10-11T15:00:00Z,0,lux,telemetry,Upi_iotdev_9,hono-mqtt
,,0,2021-10-11T10:05:49Z,2021-10-14T10:05:49.343Z,2021-10-11T15:10:00Z,0,lux,telemetry,Upi_iotdev_9,hono-mqtt
,,0,2021-10-11T10:05:49Z,2021-10-14T10:05:49.343Z,2021-10-11T15:20:00Z,0,lux,telemetry,Upi_iotdev_9,hono-mqtt
,,0,2021-10-11T10:05:49Z,2021-10-14T10:05:49.343Z,2021-10-11T15:30:00Z,0,lux,telemetry,Upi_iotdev_9,hono-mqtt
,,0,2021-10-11T10:05:49Z,2021-10-14T10:05:49.343Z,2021-10-11T15:40:00Z,0,lux,telemetry,Upi_iotdev_9,hono-mqtt
,,0,2021-10-11T10:05:49Z,2021-10-14T10:05:49.343Z,2021-10-11T15:50:00Z,,lux,telemetry,Upi_iotdev_9,hono-mqtt
,,0,2021-10-11T10:05:49Z,2021-10-14T10:05:49.343Z,2021-10-11T16:00:00Z,,lux,telemetry,Upi_iotdev_9,hono-mqtt
,,0,2021-10-11T10:05:49Z,2021-10-14T10:05:49.343Z,2021-10-11T16:10:00Z,0,lux,telemetry,Upi_iotdev_9,hono-mqtt
,,0,2021-10-11T10:05:49Z,2021-10-14T10:05:49.343Z,2021-10-11T16:20:00Z,,lux,telemetry,Upi_iotdev_9,hono-mqtt
,,0,2021-10-11T10:05:49Z,2021-10-14T10:05:49.343Z,2021-10-11T16:30:00Z,0,lux,telemetry,Upi_iotdev_9,hono-mqtt
,,0,2021-10-11T10:05:49Z,2021-10-14T10:05:49.343Z,2021-10-11T16:40:00Z,,lux,telemetry,Upi_iotdev_9,hono-mqtt
,,0,2021-10-11T10:05:49Z,2021-10-14T10:05:49.343Z,2021-10-11T16:50:00Z,0,lux,telemetry,Upi_iotdev_9,hono-mqtt
,,0,2021-10-11T10:05:49Z,2021-10-14T10:05:49.343Z,2021-10-11T17:00:00Z,0,lux,telemetry,Upi_iotdev_9,hono-mqtt
,,0,2021-10-11T10:05:49Z,2021-10-14T10:05:49.343Z,2021-10-11T17:10:00Z,0,lux,telemetry,Upi_iotdev_9,hono-mqtt
,,0,2021-10-11T10:05:49Z,2021-10-14T10:05:49.343Z,2021-10-11T17:20:00Z,0,lux,telemetry,Upi_iotdev_9,hono-mqtt
,,0,2021-10-11T10:05:49Z,2021-10-14T10:05:49.343Z,2021-10-11T17:30:00Z,0,lux,telemetry,Upi_iotdev_9,hono-mqtt
,,0,2021-10-11T10:05:49Z,2021-10-14T10:05:49.343Z,2021-10-11T17:40:00Z,0,lux,telemetry,Upi_iotdev_9,hono-mqtt
,,0,2021-10-11T10:05:49Z,2021-10-14T10:05:49.343Z,2021-10-11T17:50:00Z,,lux,telemetry,Upi_iotdev_9,hono-mqtt
,,0,2021-10-11T10:05:49Z,2021-10-14T10:05:49.343Z,2021-10-11T18:00:00Z,0,lux,telemetry,Upi_iotdev_9,hono-mqtt
,,0,2021-10-11T10:05:49Z,2021-10-14T10:05:49.343Z,2021-10-11T18:10:00Z,,lux,telemetry,Upi_iotdev_9,hono-mqtt
,,0,2021-10-11T10:05:49Z,2021-10-14T10:05:49.343Z,2021-10-11T18:20:00Z,0,lux,telemetry,Upi_iotdev_9,hono-mqtt
,,0,2021-10-11T10:05:49Z,2021-10-14T10:05:49.343Z,2021-10-11T18:30:00Z,0,lux,telemetry,Upi_iotdev_9,hono-mqtt
,,0,2021-10-11T10:05:49Z,2021-10-14T10:05:49.343Z,2021-10-11T18:40:00Z,0,lux,telemetry,Upi_iotdev_9,hono-mqtt
,,0,2021-10-11T10:05:49Z,2021-10-14T10:05:49.343Z,2021-10-11T18:50:00Z,0,lux,telemetry,Upi_iotdev_9,hono-mqtt
,,0,2021-10-11T10:05:49Z,2021-10-14T10:05:49.343Z,2021-10-11T19:00:00Z,,lux,telemetry,Upi_iotdev_9,hono-mqtt
,,0,2021-10-11T10:05:49Z,2021-10-14T10:05:49.343Z,2021-10-11T19:10:00Z,0,lux,telemetry,Upi_iotdev_9,hono-mqtt
,,0,2021-10-11T10:05:49Z,2021-10-14T10:05:49.343Z,2021-10-11T19:20:00Z,0,lux,telemetry,Upi_iotdev_9,hono-mqtt
,,0,2021-10-11T10:05:49Z,2021-10-14T10:05:49.343Z,2021-10-11T19:30:00Z,0,lux,telemetry,Upi_iotdev_9,hono-mqtt
,,0,2021-10-11T10:05:49Z,2021-10-14T10:05:49.343Z,2021-10-11T19:40:00Z,0,lux,telemetry,Upi_iotdev_9,hono-mqtt
,,0,2021-10-11T10:05:49Z,2021-10-14T10:05:49.343Z,2021-10-11T19:50:00Z,0,lux,telemetry,Upi_iotdev_9,hono-mqtt
,,0,2021-10-11T10:05:49Z,2021-10-14T10:05:49.343Z,2021-10-11T20:00:00Z,0,lux,telemetry,Upi_iotdev_9,hono-mqtt
,,0,2021-10-11T10:05:49Z,2021-10-14T10:05:49.343Z,2021-10-11T20:10:00Z,0,lux,telemetry,Upi_iotdev_9,hono-mqtt
,,0,2021-10-11T10:05:49Z,2021-10-14T10:05:49.343Z,2021-10-11T20:20:00Z,0,lux,telemetry,Upi_iotdev_9,hono-mqtt
,,0,2021-10-11T10:05:49Z,2021-10-14T10:05:49.343Z,2021-10-11T20:30:00Z,0,lux,telemetry,Upi_iotdev_9,hono-mqtt
,,0,2021-10-11T10:05:49Z,2021-10-14T10:05:49.343Z,2021-10-11T20:40:00Z,0,lux,telemetry,Upi_iotdev_9,hono-mqtt
,,0,2021-10-11T10:05:49Z,2021-10-14T10:05:49.343Z,2021-10-11T20:50:00Z,0,lux,telemetry,Upi_iotdev_9,hono-mqtt
,,0,2021-10-11T10:05:49Z,2021-10-14T10:05:49.343Z,2021-10-11T21:00:00Z,0,lux,telemetry,Upi_iotdev_9,hono-mqtt
,,0,2021-10-11T10:05:49Z,2021-10-14T10:05:49.343Z,2021-10-11T21:10:00Z,0,lux,telemetry,Upi_iotdev_9,hono-mqtt
,,0,2021-10-11T10:05:49Z,2021-10-14T10:05:49.343Z,2021-10-11T21:20:00Z,0,lux,telemetry,Upi_iotdev_9,hono-mqtt
,,0,2021-10-11T10:05:49Z,2021-10-14T10:05:49.343Z,2021-10-11T21:30:00Z,0,lux,telemetry,Upi_iotdev_9,hono-mqtt
,,0,2021-10-11T10:05:49Z,2021-10-14T10:05:49.343Z,2021-10-11T21:40:00Z,0,lux,telemetry,Upi_iotdev_9,hono-mqtt
,,0,2021-10-11T10:05:49Z,2021-10-14T10:05:49.343Z,2021-10-11T21:50:00Z,0,lux,telemetry,Upi_iotdev_9,hono-mqtt
,,0,2021-10-11T10:05:49Z,2021-10-14T10:05:49.343Z,2021-10-11T22:00:00Z,0,lux,telemetry,Upi_iotdev_9,hono-mqtt
,,0,2021-10-11T10:05:49Z,2021-10-14T10:05:49.343Z,2021-10-11T22:10:00Z,0,lux,telemetry,Upi_iotdev_9,hono-mqtt
,,0,2021-10-11T10:05:49Z,2021-10-14T10:05:49.343Z,2021-10-11T22:20:00Z,1.666667,lux,telemetry,Upi_iotdev_9,hono-mqtt
,,0,2021-10-11T10:05:49Z,2021-10-14T10:05:49.343Z,2021-10-11T22:30:00Z,35.83333,lux,telemetry,Upi_iotdev_9,hono-mqtt
,,0,2021-10-11T10:05:49Z,2021-10-14T10:05:49.343Z,2021-10-11T22:40:00Z,164.1667,lux,telemetry,Upi_iotdev_9,hono-mqtt
,,0,2021-10-11T10:05:49Z,2021-10-14T10:05:49.343Z,2021-10-11T22:50:00Z,440.8333,lux,telemetry,Upi_iotdev_9,hono-mqtt
,,0,2021-10-11T10:05:49Z,2021-10-14T10:05:49.343Z,2021-10-11T23:00:00Z,763.3333,lux,telemetry,Upi_iotdev_9,hono-mqtt
,,0,2021-10-11T10:05:49Z,2021-10-14T10:05:49.343Z,2021-10-11T23:10:00Z,1044.167,lux,telemetry,Upi_iotdev_9,hono-mqtt
,,0,2021-10-11T10:05:49Z,2021-10-14T10:05:49.343Z,2021-10-11T23:20:00Z,1252.5,lux,telemetry,Upi_iotdev_9,hono-mqtt
,,0,2021-10-11T10:05:49Z,2021-10-14T10:05:49.343Z,2021-10-11T23:30:00Z,1472.5,lux,telemetry,Upi_iotdev_9,hono-mqtt
,,0,2021-10-11T10:05:49Z,2021-10-14T10:05:49.343Z,2021-10-11T23:40:00Z,1732.5,lux,telemetry,Upi_iotdev_9,hono-mqtt
,,0,2021-10-11T10:05:49Z,2021-10-14T10:05:49.343Z,2021-10-11T23:50:00Z,1915,lux,telemetry,Upi_iotdev_9,hono-mqtt
,,0,2021-10-11T10:05:49Z,2021-10-14T10:05:49.343Z,2021-10-12T00:00:00Z,2351.667,lux,telemetry,Upi_iotdev_9,hono-mqtt
,,0,2021-10-11T10:05:49Z,2021-10-14T10:05:49.343Z,2021-10-12T00:10:00Z,3082.5,lux,telemetry,Upi_iotdev_9,hono-mqtt
,,0,2021-10-11T10:05:49Z,2021-10-14T10:05:49.343Z,2021-10-12T00:20:00Z,3473.333,lux,telemetry,Upi_iotdev_9,hono-mqtt
,,0,2021-10-11T10:05:49Z,2021-10-14T10:05:49.343Z,2021-10-12T00:30:00Z,,lux,telemetry,Upi_iotdev_9,hono-mqtt
,,0,2021-10-11T10:05:49Z,2021-10-14T10:05:49.343Z,2021-10-12T00:40:00Z,6921.667,lux,telemetry,Upi_iotdev_9,hono-mqtt
,,0,2021-10-11T10:05:49Z,2021-10-14T10:05:49.343Z,2021-10-12T00:50:00Z,,lux,telemetry,Upi_iotdev_9,hono-mqtt
,,0,2021-10-11T10:05:49Z,2021-10-14T10:05:49.343Z,2021-10-12T01:00:00Z,8470.833,lux,telemetry,Upi_iotdev_9,hono-mqtt
,,0,2021-10-11T10:05:49Z,2021-10-14T10:05:49.343Z,2021-10-12T01:10:00Z,10550.83,lux,telemetry,Upi_iotdev_9,hono-mqtt
,,0,2021-10-11T10:05:49Z,2021-10-14T10:05:49.343Z,2021-10-12T01:20:00Z,13355.83,lux,telemetry,Upi_iotdev_9,hono-mqtt
,,0,2021-10-11T10:05:49Z,2021-10-14T10:05:49.343Z,2021-10-12T01:30:00Z,15445,lux,telemetry,Upi_iotdev_9,hono-mqtt
,,0,2021-10-11T10:05:49Z,2021-10-14T10:05:49.343Z,2021-10-12T01:40:00Z,16737.5,lux,telemetry,Upi_iotdev_9,hono-mqtt
,,0,2021-10-11T10:05:49Z,2021-10-14T10:05:49.343Z,2021-10-12T01:50:00Z,18808.33,lux,telemetry,Upi_iotdev_9,hono-mqtt
,,0,2021-10-11T10:05:49Z,2021-10-14T10:05:49.343Z,2021-10-12T02:00:00Z,21545,lux,telemetry,Upi_iotdev_9,hono-mqtt
,,0,2021-10-11T10:05:49Z,2021-10-14T10:05:49.343Z,2021-10-12T02:10:00Z,54386.66,lux,telemetry,Upi_iotdev_9,hono-mqtt
,,0,2021-10-11T10:05:49Z,2021-10-14T10:05:49.343Z,2021-10-12T02:20:00Z,54612.5,lux,telemetry,Upi_iotdev_9,hono-mqtt
,,0,2021-10-11T10:05:49Z,2021-10-14T10:05:49.343Z,2021-10-12T02:30:00Z,28966.67,lux,telemetry,Upi_iotdev_9,hono-mqtt
,,0,2021-10-11T10:05:49Z,2021-10-14T10:05:49.343Z,2021-10-12T02:40:00Z,22060,lux,telemetry,Upi_iotdev_9,hono-mqtt
,,0,2021-10-11T10:05:49Z,2021-10-14T10:05:49.343Z,2021-10-12T02:50:00Z,33825.83,lux,telemetry,Upi_iotdev_9,hono-mqtt
,,0,2021-10-11T10:05:49Z,2021-10-14T10:05:49.343Z,2021-10-12T03:00:00Z,37982.5,lux,telemetry,Upi_iotdev_9,hono-mqtt
,,0,2021-10-11T10:05:49Z,2021-10-14T10:05:49.343Z,2021-10-12T03:10:00Z,43105.83,lux,telemetry,Upi_iotdev_9,hono-mqtt
,,0,2021-10-11T10:05:49Z,2021-10-14T10:05:49.343Z,2021-10-12T03:20:00Z,47842.5,lux,telemetry,Upi_iotdev_9,hono-mqtt
,,0,2021-10-11T10:05:49Z,2021-10-14T10:05:49.343Z,2021-10-12T03:30:00Z,51131.66,lux,telemetry,Upi_iotdev_9,hono-mqtt
,,0,2021-10-11T10:05:49Z,2021-10-14T10:05:49.343Z,2021-10-12T03:40:00Z,53561.66,lux,telemetry,Upi_iotdev_9,hono-mqtt
,,0,2021-10-11T10:05:49Z,2021-10-14T10:05:49.343Z,2021-10-12T03:50:00Z,54612.5,lux,telemetry,Upi_iotdev_9,hono-mqtt
,,0,2021-10-11T10:05:49Z,2021-10-14T10:05:49.343Z,2021-10-12T04:00:00Z,54612.5,lux,telemetry,Upi_iotdev_9,hono-mqtt
,,0,2021-10-11T10:05:49Z,2021-10-14T10:05:49.343Z,2021-10-12T04:10:00Z,54612.5,lux,telemetry,Upi_iotdev_9,hono-mqtt
,,0,2021-10-11T10:05:49Z,2021-10-14T10:05:49.343Z,2021-10-12T04:20:00Z,,lux,telemetry,Upi_iotdev_9,hono-mqtt
,,0,2021-10-11T10:05:49Z,2021-10-14T10:05:49.343Z,2021-10-12T04:30:00Z,,lux,telemetry,Upi_iotdev_9,hono-mqtt
,,0,2021-10-11T10:05:49Z,2021-10-14T10:05:49.343Z,2021-10-12T04:40:00Z,,lux,telemetry,Upi_iotdev_9,hono-mqtt
,,0,2021-10-11T10:05:49Z,2021-10-14T10:05:49.343Z,2021-10-12T04:50:00Z,,lux,telemetry,Upi_iotdev_9,hono-mqtt
,,0,2021-10-11T10:05:49Z,2021-10-14T10:05:49.343Z,2021-10-12T05:00:00Z,,lux,telemetry,Upi_iotdev_9,hono-mqtt
,,0,2021-10-11T10:05:49Z,2021-10-14T10:05:49.343Z,2021-10-12T05:10:00Z,,lux,telemetry,Upi_iotdev_9,hono-mqtt
,,0,2021-10-11T10:05:49Z,2021-10-14T10:05:49.343Z,2021-10-12T05:20:00Z,,lux,telemetry,Upi_iotdev_9,hono-mqtt
,,0,2021-10-11T10:05:49Z,2021-10-14T10:05:49.343Z,2021-10-12T05:30:00Z,,lux,telemetry,Upi_iotdev_9,hono-mqtt
,,0,2021-10-11T10:05:49Z,2021-10-14T10:05:49.343Z,2021-10-12T05:40:00Z,,lux,telemetry,Upi_iotdev_9,hono-mqtt
,,0,2021-10-11T10:05:49Z,2021-10-14T10:05:49.343Z,2021-10-12T05:50:00Z,,lux,telemetry,Upi_iotdev_9,hono-mqtt
,,0,2021-10-11T10:05:49Z,2021-10-14T10:05:49.343Z,2021-10-12T06:00:00Z,,lux,telemetry,Upi_iotdev_9,hono-mqtt
,,0,2021-10-11T10:05:49Z,2021-10-14T10:05:49.343Z,2021-10-12T06:10:00Z,,lux,telemetry,Upi_iotdev_9,hono-mqtt
,,0,2021-10-11T10:05:49Z,2021-10-14T10:05:49.343Z,2021-10-12T06:20:00Z,,lux,telemetry,Upi_iotdev_9,hono-mqtt
,,0,2021-10-11T10:05:49Z,2021-10-14T10:05:49.343Z,2021-10-12T06:30:00Z,,lux,telemetry,Upi_iotdev_9,hono-mqtt
,,0,2021-10-11T10:05:49Z,2021-10-14T10:05:49.343Z,2021-10-12T06:40:00Z,,lux,telemetry,Upi_iotdev_9,hono-mqtt
,,0,2021-10-11T10:05:49Z,2021-10-14T10:05:49.343Z,2021-10-12T06:50:00Z,6320,lux,telemetry,Upi_iotdev_9,hono-mqtt
,,0,2021-10-11T10:05:49Z,2021-10-14T10:05:49.343Z,2021-10-12T07:00:00Z,,lux,telemetry,Upi_iotdev_9,hono-mqtt
,,0,2021-10-11T10:05:49Z,2021-10-14T10:05:49.343Z,2021-10-12T07:10:00Z,3413.333,lux,telemetry,Upi_iotdev_9,hono-mqtt
,,0,2021-10-11T10:05:49Z,2021-10-14T10:05:49.343Z,2021-10-12T07:20:00Z,4313.333,lux,telemetry,Upi_iotdev_9,hono-mqtt
,,0,2021-10-11T10:05:49Z,2021-10-14T10:05:49.343Z,2021-10-12T07:30:00Z,4475.833,lux,telemetry,Upi_iotdev_9,hono-mqtt
,,0,2021-10-11T10:05:49Z,2021-10-14T10:05:49.343Z,2021-10-12T07:40:00Z,,lux,telemetry,Upi_iotdev_9,hono-mqtt
,,0,2021-10-11T10:05:49Z,2021-10-14T10:05:49.343Z,2021-10-12T07:50:00Z,3171.667,lux,telemetry,Upi_iotdev_9,hono-mqtt
,,0,2021-10-11T10:05:49Z,2021-10-14T10:05:49.343Z,2021-10-12T08:00:00Z,,lux,telemetry,Upi_iotdev_9,hono-mqtt
,,0,2021-10-11T10:05:49Z,2021-10-14T10:05:49.343Z,2021-10-12T08:10:00Z,3584.167,lux,telemetry,Upi_iotdev_9,hono-mqtt
,,0,2021-10-11T10:05:49Z,2021-10-14T10:05:49.343Z,2021-10-12T08:20:00Z,2425.833,lux,telemetry,Upi_iotdev_9,hono-mqtt
,,0,2021-10-11T10:05:49Z,2021-10-14T10:05:49.343Z,2021-10-12T08:30:00Z,,lux,telemetry,Upi_iotdev_9,hono-mqtt
,,0,2021-10-11T10:05:49Z,2021-10-14T10:05:49.343Z,2021-10-12T08:40:00Z,1648.333,lux,telemetry,Upi_iotdev_9,hono-mqtt
,,0,2021-10-11T10:05:49Z,2021-10-14T10:05:49.343Z,2021-10-12T08:50:00Z,1793.333,lux,telemetry,Upi_iotdev_9,hono-mqtt
,,0,2021-10-11T10:05:49Z,2021-10-14T10:05:49.343Z,2021-10-12T09:00:00Z,4425,lux,telemetry,Upi_iotdev_9,hono-mqtt
,,0,2021-10-11T10:05:49Z,2021-10-14T10:05:49.343Z,2021-10-12T09:10:00Z,4309.167,lux,telemetry,Upi_iotdev_9,hono-mqtt
,,0,2021-10-11T10:05:49Z,2021-10-14T10:05:49.343Z,2021-10-12T09:20:00Z,3284.167,lux,telemetry,Upi_iotdev_9,hono-mqtt
,,0,2021-10-11T10:05:49Z,2021-10-14T10:05:49.343Z,2021-10-12T09:30:00Z,3705.833,lux,telemetry,Upi_iotdev_9,hono-mqtt
,,0,2021-10-11T10:05:49Z,2021-10-14T10:05:49.343Z,2021-10-12T09:40:00Z,4075.833,lux,telemetry,Upi_iotdev_9,hono-mqtt
,,0,2021-10-11T10:05:49Z,2021-10-14T10:05:49.343Z,2021-10-12T09:50:00Z,2641.667,lux,telemetry,Upi_iotdev_9,hono-mqtt
,,0,2021-10-11T10:05:49Z,2021-10-14T10:05:49.343Z,2021-10-12T10:00:00Z,,lux,telemetry,Upi_iotdev_9,hono-mqtt
,,0,2021-10-11T10:05:49Z,2021-10-14T10:05:49.343Z,2021-10-12T10:10:00Z,1797.5,lux,telemetry,Upi_iotdev_9,hono-mqtt
,,0,2021-10-11T10:05:49Z,2021-10-14T10:05:49.343Z,2021-10-12T10:20:00Z,,lux,telemetry,Upi_iotdev_9,hono-mqtt
,,0,2021-10-11T10:05:49Z,2021-10-14T10:05:49.343Z,2021-10-12T10:30:00Z,474.1667,lux,telemetry,Upi_iotdev_9,hono-mqtt
,,0,2021-10-11T10:05:49Z,2021-10-14T10:05:49.343Z,2021-10-12T10:40:00Z,,lux,telemetry,Upi_iotdev_9,hono-mqtt
,,0,2021-10-11T10:05:49Z,2021-10-14T10:05:49.343Z,2021-10-12T10:50:00Z,53.33333,lux,telemetry,Upi_iotdev_9,hono-mqtt
,,0,2021-10-11T10:05:49Z,2021-10-14T10:05:49.343Z,2021-10-12T11:00:00Z,6.666667,lux,telemetry,Upi_iotdev_9,hono-mqtt
,,0,2021-10-11T10:05:49Z,2021-10-14T10:05:49.343Z,2021-10-12T11:10:00Z,0,lux,telemetry,Upi_iotdev_9,hono-mqtt
,,0,2021-10-11T10:05:49Z,2021-10-14T10:05:49.343Z,2021-10-12T11:20:00Z,0,lux,telemetry,Upi_iotdev_9,hono-mqtt
,,0,2021-10-11T10:05:49Z,2021-10-14T10:05:49.343Z,2021-10-12T11:30:00Z,0,lux,telemetry,Upi_iotdev_9,hono-mqtt
,,0,2021-10-11T10:05:49Z,2021-10-14T10:05:49.343Z,2021-10-12T11:40:00Z,0,lux,telemetry,Upi_iotdev_9,hono-mqtt
,,0,2021-10-11T10:05:49Z,2021-10-14T10:05:49.343Z,2021-10-12T11:50:00Z,0,lux,telemetry,Upi_iotdev_9,hono-mqtt
,,0,2021-10-11T10:05:49Z,2021-10-14T10:05:49.343Z,2021-10-12T12:00:00Z,,lux,telemetry,Upi_iotdev_9,hono-mqtt
,,0,2021-10-11T10:05:49Z,2021-10-14T10:05:49.343Z,2021-10-12T12:10:00Z,0,lux,telemetry,Upi_iotdev_9,hono-mqtt
,,0,2021-10-11T10:05:49Z,2021-10-14T10:05:49.343Z,2021-10-12T12:20:00Z,0,lux,telemetry,Upi_iotdev_9,hono-mqtt
,,0,2021-10-11T10:05:49Z,2021-10-14T10:05:49.343Z,2021-10-12T12:30:00Z,0,lux,telemetry,Upi_iotdev_9,hono-mqtt
,,0,2021-10-11T10:05:49Z,2021-10-14T10:05:49.343Z,2021-10-12T12:40:00Z,0,lux,telemetry,Upi_iotdev_9,hono-mqtt
,,0,2021-10-11T10:05:49Z,2021-10-14T10:05:49.343Z,2021-10-12T12:50:00Z,0,lux,telemetry,Upi_iotdev_9,hono-mqtt
,,0,2021-10-11T10:05:49Z,2021-10-14T10:05:49.343Z,2021-10-12T13:00:00Z,,lux,telemetry,Upi_iotdev_9,hono-mqtt
,,0,2021-10-11T10:05:49Z,2021-10-14T10:05:49.343Z,2021-10-12T13:10:00Z,0,lux,telemetry,Upi_iotdev_9,hono-mqtt
,,0,2021-10-11T10:05:49Z,2021-10-14T10:05:49.343Z,2021-10-12T13:20:00Z,0,lux,telemetry,Upi_iotdev_9,hono-mqtt
,,0,2021-10-11T10:05:49Z,2021-10-14T10:05:49.343Z,2021-10-12T13:30:00Z,0,lux,telemetry,Upi_iotdev_9,hono-mqtt
,,0,2021-10-11T10:05:49Z,2021-10-14T10:05:49.343Z,2021-10-12T13:40:00Z,0,lux,telemetry,Upi_iotdev_9,hono-mqtt
,,0,2021-10-11T10:05:49Z,2021-10-14T10:05:49.343Z,2021-10-12T13:50:00Z,,lux,telemetry,Upi_iotdev_9,hono-mqtt
,,0,2021-10-11T10:05:49Z,2021-10-14T10:05:49.343Z,2021-10-12T14:00:00Z,0,lux,telemetry,Upi_iotdev_9,hono-mqtt
,,0,2021-10-11T10:05:49Z,2021-10-14T10:05:49.343Z,2021-10-12T14:10:00Z,0,lux,telemetry,Upi_iotdev_9,hono-mqtt
,,0,2021-10-11T10:05:49Z,2021-10-14T10:05:49.343Z,2021-10-12T14:20:00Z,0,lux,telemetry,Upi_iotdev_9,hono-mqtt
,,0,2021-10-11T10:05:49Z,2021-10-14T10:05:49.343Z,2021-10-12T14:30:00Z,0,lux,telemetry,Upi_iotdev_9,hono-mqtt
,,0,2021-10-11T10:05:49Z,2021-10-14T10:05:49.343Z,2021-10-12T14:40:00Z,0,lux,telemetry,Upi_iotdev_9,hono-mqtt
,,0,2021-10-11T10:05:49Z,2021-10-14T10:05:49.343Z,2021-10-12T14:50:00Z,,lux,telemetry,Upi_iotdev_9,hono-mqtt
,,0,2021-10-11T10:05:49Z,2021-10-14T10:05:49.343Z,2021-10-12T15:00:00Z,0,lux,telemetry,Upi_iotdev_9,hono-mqtt
,,0,2021-10-11T10:05:49Z,2021-10-14T10:05:49.343Z,2021-10-12T15:10:00Z,,lux,telemetry,Upi_iotdev_9,hono-mqtt
,,0,2021-10-11T10:05:49Z,2021-10-14T10:05:49.343Z,2021-10-12T15:20:00Z,0,lux,telemetry,Upi_iotdev_9,hono-mqtt
,,0,2021-10-11T10:05:49Z,2021-10-14T10:05:49.343Z,2021-10-12T15:30:00Z,,lux,telemetry,Upi_iotdev_9,hono-mqtt
,,0,2021-10-11T10:05:49Z,2021-10-14T10:05:49.343Z,2021-10-12T15:40:00Z,,lux,telemetry,Upi_iotdev_9,hono-mqtt
,,0,2021-10-11T10:05:49Z,2021-10-14T10:05:49.343Z,2021-10-12T15:50:00Z,,lux,telemetry,Upi_iotdev_9,hono-mqtt
,,0,2021-10-11T10:05:49Z,2021-10-14T10:05:49.343Z,2021-10-12T16:00:00Z,,lux,telemetry,Upi_iotdev_9,hono-mqtt
,,0,2021-10-11T10:05:49Z,2021-10-14T10:05:49.343Z,2021-10-12T16:10:00Z,,lux,telemetry,Upi_iotdev_9,hono-mqtt
,,0,2021-10-11T10:05:49Z,2021-10-14T10:05:49.343Z,2021-10-12T16:20:00Z,,lux,telemetry,Upi_iotdev_9,hono-mqtt
,,0,2021-10-11T10:05:49Z,2021-10-14T10:05:49.343Z,2021-10-12T16:30:00Z,,lux,telemetry,Upi_iotdev_9,hono-mqtt
,,0,2021-10-11T10:05:49Z,2021-10-14T10:05:49.343Z,2021-10-12T16:40:00Z,,lux,telemetry,Upi_iotdev_9,hono-mqtt
,,0,2021-10-11T10:05:49Z,2021-10-14T10:05:49.343Z,2021-10-12T16:50:00Z,,lux,telemetry,Upi_iotdev_9,hono-mqtt
,,0,2021-10-11T10:05:49Z,2021-10-14T10:05:49.343Z,2021-10-12T17:00:00Z,,lux,telemetry,Upi_iotdev_9,hono-mqtt
,,0,2021-10-11T10:05:49Z,2021-10-14T10:05:49.343Z,2021-10-12T17:10:00Z,,lux,telemetry,Upi_iotdev_9,hono-mqtt
,,0,2021-10-11T10:05:49Z,2021-10-14T10:05:49.343Z,2021-10-12T17:20:00Z,,lux,telemetry,Upi_iotdev_9,hono-mqtt
,,0,2021-10-11T10:05:49Z,2021-10-14T10:05:49.343Z,2021-10-12T17:30:00Z,,lux,telemetry,Upi_iotdev_9,hono-mqtt
,,0,2021-10-11T10:05:49Z,2021-10-14T10:05:49.343Z,2021-10-12T17:40:00Z,,lux,telemetry,Upi_iotdev_9,hono-mqtt
,,0,2021-10-11T10:05:49Z,2021-10-14T10:05:49.343Z,2021-10-12T17:50:00Z,,lux,telemetry,Upi_iotdev_9,hono-mqtt
,,0,2021-10-11T10:05:49Z,2021-10-14T10:05:49.343Z,2021-10-12T18:00:00Z,0,lux,telemetry,Upi_iotdev_9,hono-mqtt
,,0,2021-10-11T10:05:49Z,2021-10-14T10:05:49.343Z,2021-10-12T18:10:00Z,0,lux,telemetry,Upi_iotdev_9,hono-mqtt
,,0,2021-10-11T10:05:49Z,2021-10-14T10:05:49.343Z,2021-10-12T18:20:00Z,0,lux,telemetry,Upi_iotdev_9,hono-mqtt
,,0,2021-10-11T10:05:49Z,2021-10-14T10:05:49.343Z,2021-10-12T18:30:00Z,0,lux,telemetry,Upi_iotdev_9,hono-mqtt
,,0,2021-10-11T10:05:49Z,2021-10-14T10:05:49.343Z,2021-10-12T18:40:00Z,0,lux,telemetry,Upi_iotdev_9,hono-mqtt
,,0,2021-10-11T10:05:49Z,2021-10-14T10:05:49.343Z,2021-10-12T18:50:00Z,0,lux,telemetry,Upi_iotdev_9,hono-mqtt
,,0,2021-10-11T10:05:49Z,2021-10-14T10:05:49.343Z,2021-10-12T19:00:00Z,0,lux,telemetry,Upi_iotdev_9,hono-mqtt
,,0,2021-10-11T10:05:49Z,2021-10-14T10:05:49.343Z,2021-10-12T19:10:00Z,0,lux,telemetry,Upi_iotdev_9,hono-mqtt
,,0,2021-10-11T10:05:49Z,2021-10-14T10:05:49.343Z,2021-10-12T19:20:00Z,0,lux,telemetry,Upi_iotdev_9,hono-mqtt
,,0,2021-10-11T10:05:49Z,2021-10-14T10:05:49.343Z,2021-10-12T19:30:00Z,0,lux,telemetry,Upi_iotdev_9,hono-mqtt
,,0,2021-10-11T10:05:49Z,2021-10-14T10:05:49.343Z,2021-10-12T19:40:00Z,0,lux,telemetry,Upi_iotdev_9,hono-mqtt
,,0,2021-10-11T10:05:49Z,2021-10-14T10:05:49.343Z,2021-10-12T19:50:00Z,0,lux,telemetry,Upi_iotdev_9,hono-mqtt
,,0,2021-10-11T10:05:49Z,2021-10-14T10:05:49.343Z,2021-10-12T20:00:00Z,0,lux,telemetry,Upi_iotdev_9,hono-mqtt
,,0,2021-10-11T10:05:49Z,2021-10-14T10:05:49.343Z,2021-10-12T20:10:00Z,0,lux,telemetry,Upi_iotdev_9,hono-mqtt
,,0,2021-10-11T10:05:49Z,2021-10-14T10:05:49.343Z,2021-10-12T20:20:00Z,0,lux,telemetry,Upi_iotdev_9,hono-mqtt
,,0,2021-10-11T10:05:49Z,2021-10-14T10:05:49.343Z,2021-10-12T20:30:00Z,0,lux,telemetry,Upi_iotdev_9,hono-mqtt
,,0,2021-10-11T10:05:49Z,2021-10-14T10:05:49.343Z,2021-10-12T20:40:00Z,0,lux,telemetry,Upi_iotdev_9,hono-mqtt
,,0,2021-10-11T10:05:49Z,2021-10-14T10:05:49.343Z,2021-10-12T20:50:00Z,0,lux,telemetry,Upi_iotdev_9,hono-mqtt
,,0,2021-10-11T10:05:49Z,2021-10-14T10:05:49.343Z,2021-10-12T21:00:00Z,0,lux,telemetry,Upi_iotdev_9,hono-mqtt
,,0,2021-10-11T10:05:49Z,2021-10-14T10:05:49.343Z,2021-10-12T21:10:00Z,0,lux,telemetry,Upi_iotdev_9,hono-mqtt
,,0,2021-10-11T10:05:49Z,2021-10-14T10:05:49.343Z,2021-10-12T21:20:00Z,,lux,telemetry,Upi_iotdev_9,hono-mqtt
,,0,2021-10-11T10:05:49Z,2021-10-14T10:05:49.343Z,2021-10-12T21:30:00Z,0,lux,telemetry,Upi_iotdev_9,hono-mqtt
,,0,2021-10-11T10:05:49Z,2021-10-14T10:05:49.343Z,2021-10-12T21:40:00Z,0,lux,telemetry,Upi_iotdev_9,hono-mqtt
,,0,2021-10-11T10:05:49Z,2021-10-14T10:05:49.343Z,2021-10-12T21:50:00Z,0,lux,telemetry,Upi_iotdev_9,hono-mqtt
,,0,2021-10-11T10:05:49Z,2021-10-14T10:05:49.343Z,2021-10-12T22:00:00Z,,lux,telemetry,Upi_iotdev_9,hono-mqtt
,,0,2021-10-11T10:05:49Z,2021-10-14T10:05:49.343Z,2021-10-12T22:10:00Z,0,lux,telemetry,Upi_iotdev_9,hono-mqtt
,,0,2021-10-11T10:05:49Z,2021-10-14T10:05:49.343Z,2021-10-12T22:20:00Z,10.83333,lux,telemetry,Upi_iotdev_9,hono-mqtt
,,0,2021-10-11T10:05:49Z,2021-10-14T10:05:49.343Z,2021-10-12T22:30:00Z,85.83333,lux,telemetry,Upi_iotdev_9,hono-mqtt
,,0,2021-10-11T10:05:49Z,2021-10-14T10:05:49.343Z,2021-10-12T22:40:00Z,328.3333,lux,telemetry,Upi_iotdev_9,hono-mqtt
,,0,2021-10-11T10:05:49Z,2021-10-14T10:05:49.343Z,2021-10-12T22:50:00Z,896.6666,lux,telemetry,Upi_iotdev_9,hono-mqtt
,,0,2021-10-11T10:05:49Z,2021-10-14T10:05:49.343Z,2021-10-12T23:00:00Z,1245,lux,telemetry,Upi_iotdev_9,hono-mqtt
,,0,2021-10-11T10:05:49Z,2021-10-14T10:05:49.343Z,2021-10-12T23:10:00Z,1386.667,lux,telemetry,Upi_iotdev_9,hono-mqtt
,,0,2021-10-11T10:05:49Z,2021-10-14T10:05:49.343Z,2021-10-12T23:20:00Z,,lux,telemetry,Upi_iotdev_9,hono-mqtt
,,0,2021-10-11T10:05:49Z,2021-10-14T10:05:49.343Z,2021-10-12T23:30:00Z,2670.833,lux,telemetry,Upi_iotdev_9,hono-mqtt
,,0,2021-10-11T10:05:49Z,2021-10-14T10:05:49.343Z,2021-10-12T23:40:00Z,3386.667,lux,telemetry,Upi_iotdev_9,hono-mqtt
,,0,2021-10-11T10:05:49Z,2021-10-14T10:05:49.343Z,2021-10-12T23:50:00Z,4509.167,lux,telemetry,Upi_iotdev_9,hono-mqtt
,,0,2021-10-11T10:05:49Z,2021-10-14T10:05:49.343Z,2021-10-13T00:00:00Z,4802.5,lux,telemetry,Upi_iotdev_9,hono-mqtt
,,0,2021-10-11T10:05:49Z,2021-10-14T10:05:49.343Z,2021-10-13T00:10:00Z,5699.167,lux,telemetry,Upi_iotdev_9,hono-mqtt
,,0,2021-10-11T10:05:49Z,2021-10-14T10:05:49.343Z,2021-10-13T00:20:00Z,6387.5,lux,telemetry,Upi_iotdev_9,hono-mqtt
,,0,2021-10-11T10:05:49Z,2021-10-14T10:05:49.343Z,2021-10-13T00:30:00Z,7744.167,lux,telemetry,Upi_iotdev_9,hono-mqtt
,,0,2021-10-11T10:05:49Z,2021-10-14T10:05:49.343Z,2021-10-13T00:40:00Z,10990.83,lux,telemetry,Upi_iotdev_9,hono-mqtt
,,0,2021-10-11T10:05:49Z,2021-10-14T10:05:49.343Z,2021-10-13T00:50:00Z,14149.17,lux,telemetry,Upi_iotdev_9,hono-mqtt
,,0,2021-10-11T10:05:49Z,2021-10-14T10:05:49.343Z,2021-10-13T01:00:00Z,15596.67,lux,telemetry,Upi_iotdev_9,hono-mqtt
,,0,2021-10-11T10:05:49Z,2021-10-14T10:05:49.343Z,2021-10-13T01:10:00Z,18519.17,lux,telemetry,Upi_iotdev_9,hono-mqtt
,,0,2021-10-11T10:05:49Z,2021-10-14T10:05:49.343Z,2021-10-13T01:20:00Z,18283.33,lux,telemetry,Upi_iotdev_9,hono-mqtt
,,0,2021-10-11T10:05:49Z,2021-10-14T10:05:49.343Z,2021-10-13T01:30:00Z,20266.67,lux,telemetry,Upi_iotdev_9,hono-mqtt
,,0,2021-10-11T10:05:49Z,2021-10-14T10:05:49.343Z,2021-10-13T01:40:00Z,22513.33,lux,telemetry,Upi_iotdev_9,hono-mqtt
,,0,2021-10-11T10:05:49Z,2021-10-14T10:05:49.343Z,2021-10-13T01:50:00Z,21920,lux,telemetry,Upi_iotdev_9,hono-mqtt
,,0,2021-10-11T10:05:49Z,2021-10-14T10:05:49.343Z,2021-10-13T02:00:00Z,34523.33,lux,telemetry,Upi_iotdev_9,hono-mqtt
,,0,2021-10-11T10:05:49Z,2021-10-14T10:05:49.343Z,2021-10-13T02:10:00Z,42881.66,lux,telemetry,Upi_iotdev_9,hono-mqtt
,,0,2021-10-11T10:05:49Z,2021-10-14T10:05:49.343Z,2021-10-13T02:20:00Z,41655,lux,telemetry,Upi_iotdev_9,hono-mqtt
,,0,2021-10-11T10:05:49Z,2021-10-14T10:05:49.343Z,2021-10-13T02:30:00Z,25337.5,lux,telemetry,Upi_iotdev_9,hono-mqtt
,,0,2021-10-11T10:05:49Z,2021-10-14T10:05:49.343Z,2021-10-13T02:40:00Z,19468.33,lux,telemetry,Upi_iotdev_9,hono-mqtt
,,0,2021-10-11T10:05:49Z,2021-10-14T10:05:49.343Z,2021-10-13T02:50:00Z,23180,lux,telemetry,Upi_iotdev_9,hono-mqtt
,,0,2021-10-11T10:05:49Z,2021-10-14T10:05:49.343Z,2021-10-13T03:00:00Z,19747.5,lux,telemetry,Upi_iotdev_9,hono-mqtt
,,0,2021-10-11T10:05:49Z,2021-10-14T10:05:49.343Z,2021-10-13T03:10:00Z,11895.83,lux,telemetry,Upi_iotdev_9,hono-mqtt
,,0,2021-10-11T10:05:49Z,2021-10-14T10:05:49.343Z,2021-10-13T03:20:00Z,,lux,telemetry,Upi_iotdev_9,hono-mqtt
,,0,2021-10-11T10:05:49Z,2021-10-14T10:05:49.343Z,2021-10-13T03:30:00Z,,lux,telemetry,Upi_iotdev_9,hono-mqtt
,,0,2021-10-11T10:05:49Z,2021-10-14T10:05:49.343Z,2021-10-13T03:40:00Z,,lux,telemetry,Upi_iotdev_9,hono-mqtt
,,0,2021-10-11T10:05:49Z,2021-10-14T10:05:49.343Z,2021-10-13T03:50:00Z,,lux,telemetry,Upi_iotdev_9,hono-mqtt
,,0,2021-10-11T10:05:49Z,2021-10-14T10:05:49.343Z,2021-10-13T04:00:00Z,,lux,telemetry,Upi_iotdev_9,hono-mqtt
,,0,2021-10-11T10:05:49Z,2021-10-14T10:05:49.343Z,2021-10-13T04:10:00Z,,lux,telemetry,Upi_iotdev_9,hono-mqtt
,,0,2021-10-11T10:05:49Z,2021-10-14T10:05:49.343Z,2021-10-13T04:20:00Z,10620,lux,telemetry,Upi_iotdev_9,hono-mqtt
,,0,2021-10-11T10:05:49Z,2021-10-14T10:05:49.343Z,2021-10-13T04:30:00Z,21547.5,lux,telemetry,Upi_iotdev_9,hono-mqtt
,,0,2021-10-11T10:05:49Z,2021-10-14T10:05:49.343Z,2021-10-13T04:40:00Z,12414.17,lux,telemetry,Upi_iotdev_9,hono-mqtt
,,0,2021-10-11T10:05:49Z,2021-10-14T10:05:49.343Z,2021-10-13T04:50:00Z,,lux,telemetry,Upi_iotdev_9,hono-mqtt
,,0,2021-10-11T10:05:49Z,2021-10-14T10:05:49.343Z,2021-10-13T05:00:00Z,,lux,telemetry,Upi_iotdev_9,hono-mqtt
,,0,2021-10-11T10:05:49Z,2021-10-14T10:05:49.343Z,2021-10-13T05:10:00Z,,lux,telemetry,Upi_iotdev_9,hono-mqtt
,,0,2021-10-11T10:05:49Z,2021-10-14T10:05:49.343Z,2021-10-13T05:20:00Z,,lux,telemetry,Upi_iotdev_9,hono-mqtt
,,0,2021-10-11T10:05:49Z,2021-10-14T10:05:49.343Z,2021-10-13T05:30:00Z,,lux,telemetry,Upi_iotdev_9,hono-mqtt
,,0,2021-10-11T10:05:49Z,2021-10-14T10:05:49.343Z,2021-10-13T05:40:00Z,,lux,telemetry,Upi_iotdev_9,hono-mqtt
,,0,2021-10-11T10:05:49Z,2021-10-14T10:05:49.343Z,2021-10-13T05:50:00Z,,lux,telemetry,Upi_iotdev_9,hono-mqtt
,,0,2021-10-11T10:05:49Z,2021-10-14T10:05:49.343Z,2021-10-13T06:00:00Z,,lux,telemetry,Upi_iotdev_9,hono-mqtt
,,0,2021-10-11T10:05:49Z,2021-10-14T10:05:49.343Z,2021-10-13T06:10:00Z,6431.667,lux,telemetry,Upi_iotdev_9,hono-mqtt
,,0,2021-10-11T10:05:49Z,2021-10-14T10:05:49.343Z,2021-10-13T06:20:00Z,3888.333,lux,telemetry,Upi_iotdev_9,hono-mqtt
,,0,2021-10-11T10:05:49Z,2021-10-14T10:05:49.343Z,2021-10-13T06:30:00Z,6396.667,lux,telemetry,Upi_iotdev_9,hono-mqtt
,,0,2021-10-11T10:05:49Z,2021-10-14T10:05:49.343Z,2021-10-13T06:40:00Z,8960,lux,telemetry,Upi_iotdev_9,hono-mqtt
,,0,2021-10-11T10:05:49Z,2021-10-14T10:05:49.343Z,2021-10-13T06:50:00Z,15355.83,lux,telemetry,Upi_iotdev_9,hono-mqtt
,,0,2021-10-11T10:05:49Z,2021-10-14T10:05:49.343Z,2021-10-13T07:00:00Z,12612.5,lux,telemetry,Upi_iotdev_9,hono-mqtt
,,0,2021-10-11T10:05:49Z,2021-10-14T10:05:49.343Z,2021-10-13T07:10:00Z,16265.83,lux,telemetry,Upi_iotdev_9,hono-mqtt
,,0,2021-10-11T10:05:49Z,2021-10-14T10:05:49.343Z,2021-10-13T07:20:00Z,,lux,telemetry,Upi_iotdev_9,hono-mqtt
,,0,2021-10-11T10:05:49Z,2021-10-14T10:05:49.343Z,2021-10-13T07:30:00Z,16352.5,lux,telemetry,Upi_iotdev_9,hono-mqtt
,,0,2021-10-11T10:05:49Z,2021-10-14T10:05:49.343Z,2021-10-13T07:40:00Z,14430.83,lux,telemetry,Upi_iotdev_9,hono-mqtt
,,0,2021-10-11T10:05:49Z,2021-10-14T10:05:49.343Z,2021-10-13T07:50:00Z,,lux,telemetry,Upi_iotdev_9,hono-mqtt
,,0,2021-10-11T10:05:49Z,2021-10-14T10:05:49.343Z,2021-10-13T08:00:00Z,22762.5,lux,telemetry,Upi_iotdev_9,hono-mqtt
,,0,2021-10-11T10:05:49Z,2021-10-14T10:05:49.343Z,2021-10-13T08:10:00Z,35701.66,lux,telemetry,Upi_iotdev_9,hono-mqtt
,,0,2021-10-11T10:05:49Z,2021-10-14T10:05:49.343Z,2021-10-13T08:20:00Z,,lux,telemetry,Upi_iotdev_9,hono-mqtt
,,0,2021-10-11T10:05:49Z,2021-10-14T10:05:49.343Z,2021-10-13T08:30:00Z,5973.333,lux,telemetry,Upi_iotdev_9,hono-mqtt
,,0,2021-10-11T10:05:49Z,2021-10-14T10:05:49.343Z,2021-10-13T08:40:00Z,,lux,telemetry,Upi_iotdev_9,hono-mqtt
,,0,2021-10-11T10:05:49Z,2021-10-14T10:05:49.343Z,2021-10-13T08:50:00Z,2708.333,lux,telemetry,Upi_iotdev_9,hono-mqtt
,,0,2021-10-11T10:05:49Z,2021-10-14T10:05:49.343Z,2021-10-13T09:00:00Z,2368.333,lux,telemetry,Upi_iotdev_9,hono-mqtt
,,0,2021-10-11T10:05:49Z,2021-10-14T10:05:49.343Z,2021-10-13T09:10:00Z,,lux,telemetry,Upi_iotdev_9,hono-mqtt
,,0,2021-10-11T10:05:49Z,2021-10-14T10:05:49.343Z,2021-10-13T09:20:00Z,2558.333,lux,telemetry,Upi_iotdev_9,hono-mqtt
,,0,2021-10-11T10:05:49Z,2021-10-14T10:05:49.343Z,2021-10-13T09:30:00Z,,lux,telemetry,Upi_iotdev_9,hono-mqtt
,,0,2021-10-11T10:05:49Z,2021-10-14T10:05:49.343Z,2021-10-13T09:40:00Z,1969.167,lux,telemetry,Upi_iotdev_9,hono-mqtt
,,0,2021-10-11T10:05:49Z,2021-10-14T10:05:49.343Z,2021-10-13T09:50:00Z,1860,lux,telemetry,Upi_iotdev_9,hono-mqtt
,,0,2021-10-11T10:05:49Z,2021-10-14T10:05:49.343Z,2021-10-13T10:00:00Z,,lux,telemetry,Upi_iotdev_9,hono-mqtt
,,0,2021-10-11T10:05:49Z,2021-10-14T10:05:49.343Z,2021-10-13T10:10:00Z,662.5,lux,telemetry,Upi_iotdev_9,hono-mqtt
,,0,2021-10-11T10:05:49Z,2021-10-14T10:05:49.343Z,2021-10-13T10:20:00Z,675,lux,telemetry,Upi_iotdev_9,hono-mqtt
,,0,2021-10-11T10:05:49Z,2021-10-14T10:05:49.343Z,2021-10-13T10:30:00Z,290,lux,telemetry,Upi_iotdev_9,hono-mqtt
,,0,2021-10-11T10:05:49Z,2021-10-14T10:05:49.343Z,2021-10-13T10:40:00Z,151.6667,lux,telemetry,Upi_iotdev_9,hono-mqtt
,,0,2021-10-11T10:05:49Z,2021-10-14T10:05:49.343Z,2021-10-13T10:50:00Z,40,lux,telemetry,Upi_iotdev_9,hono-mqtt
,,0,2021-10-11T10:05:49Z,2021-10-14T10:05:49.343Z,2021-10-13T11:00:00Z,8.333333,lux,telemetry,Upi_iotdev_9,hono-mqtt
,,0,2021-10-11T10:05:49Z,2021-10-14T10:05:49.343Z,2021-10-13T11:10:00Z,0.833333,lux,telemetry,Upi_iotdev_9,hono-mqtt
,,0,2021-10-11T10:05:49Z,2021-10-14T10:05:49.343Z,2021-10-13T11:20:00Z,0,lux,telemetry,Upi_iotdev_9,hono-mqtt
,,0,2021-10-11T10:05:49Z,2021-10-14T10:05:49.343Z,2021-10-13T11:30:00Z,0,lux,telemetry,Upi_iotdev_9,hono-mqtt
,,0,2021-10-11T10:05:49Z,2021-10-14T10:05:49.343Z,2021-10-13T11:40:00Z,0,lux,telemetry,Upi_iotdev_9,hono-mqtt
,,0,2021-10-11T10:05:49Z,2021-10-14T10:05:49.343Z,2021-10-13T11:50:00Z,0,lux,telemetry,Upi_iotdev_9,hono-mqtt
,,0,2021-10-11T10:05:49Z,2021-10-14T10:05:49.343Z,2021-10-13T12:00:00Z,0,lux,telemetry,Upi_iotdev_9,hono-mqtt
,,0,2021-10-11T10:05:49Z,2021-10-14T10:05:49.343Z,2021-10-13T12:10:00Z,0,lux,telemetry,Upi_iotdev_9,hono-mqtt
,,0,2021-10-11T10:05:49Z,2021-10-14T10:05:49.343Z,2021-10-13T12:20:00Z,0,lux,telemetry,Upi_iotdev_9,hono-mqtt
,,0,2021-10-11T10:05:49Z,2021-10-14T10:05:49.343Z,2021-10-13T12:30:00Z,0,lux,telemetry,Upi_iotdev_9,hono-mqtt
,,0,2021-10-11T10:05:49Z,2021-10-14T10:05:49.343Z,2021-10-13T12:40:00Z,0,lux,telemetry,Upi_iotdev_9,hono-mqtt
,,0,2021-10-11T10:05:49Z,2021-10-14T10:05:49.343Z,2021-10-13T12:50:00Z,0,lux,telemetry,Upi_iotdev_9,hono-mqtt
,,0,2021-10-11T10:05:49Z,2021-10-14T10:05:49.343Z,2021-10-13T13:00:00Z,0,lux,telemetry,Upi_iotdev_9,hono-mqtt
,,0,2021-10-11T10:05:49Z,2021-10-14T10:05:49.343Z,2021-10-13T13:10:00Z,0,lux,telemetry,Upi_iotdev_9,hono-mqtt
,,0,2021-10-11T10:05:49Z,2021-10-14T10:05:49.343Z,2021-10-13T13:20:00Z,0,lux,telemetry,Upi_iotdev_9,hono-mqtt
,,0,2021-10-11T10:05:49Z,2021-10-14T10:05:49.343Z,2021-10-13T13:30:00Z,0,lux,telemetry,Upi_iotdev_9,hono-mqtt
,,0,2021-10-11T10:05:49Z,2021-10-14T10:05:49.343Z,2021-10-13T13:40:00Z,0,lux,telemetry,Upi_iotdev_9,hono-mqtt
,,0,2021-10-11T10:05:49Z,2021-10-14T10:05:49.343Z,2021-10-13T13:50:00Z,0,lux,telemetry,Upi_iotdev_9,hono-mqtt
,,0,2021-10-11T10:05:49Z,2021-10-14T10:05:49.343Z,2021-10-13T14:00:00Z,0,lux,telemetry,Upi_iotdev_9,hono-mqtt
,,0,2021-10-11T10:05:49Z,2021-10-14T10:05:49.343Z,2021-10-13T14:10:00Z,0,lux,telemetry,Upi_iotdev_9,hono-mqtt
,,0,2021-10-11T10:05:49Z,2021-10-14T10:05:49.343Z,2021-10-13T14:20:00Z,,lux,telemetry,Upi_iotdev_9,hono-mqtt
,,0,2021-10-11T10:05:49Z,2021-10-14T10:05:49.343Z,2021-10-13T14:30:00Z,0,lux,telemetry,Upi_iotdev_9,hono-mqtt
,,0,2021-10-11T10:05:49Z,2021-10-14T10:05:49.343Z,2021-10-13T14:40:00Z,0,lux,telemetry,Upi_iotdev_9,hono-mqtt
,,0,2021-10-11T10:05:49Z,2021-10-14T10:05:49.343Z,2021-10-13T14:50:00Z,0,lux,telemetry,Upi_iotdev_9,hono-mqtt
,,0,2021-10-11T10:05:49Z,2021-10-14T10:05:49.343Z,2021-10-13T15:00:00Z,0,lux,telemetry,Upi_iotdev_9,hono-mqtt
,,0,2021-10-11T10:05:49Z,2021-10-14T10:05:49.343Z,2021-10-13T15:10:00Z,0,lux,telemetry,Upi_iotdev_9,hono-mqtt
,,0,2021-10-11T10:05:49Z,2021-10-14T10:05:49.343Z,2021-10-13T15:20:00Z,0,lux,telemetry,Upi_iotdev_9,hono-mqtt
,,0,2021-10-11T10:05:49Z,2021-10-14T10:05:49.343Z,2021-10-13T15:30:00Z,0,lux,telemetry,Upi_iotdev_9,hono-mqtt
,,0,2021-10-11T10:05:49Z,2021-10-14T10:05:49.343Z,2021-10-13T15:40:00Z,0,lux,telemetry,Upi_iotdev_9,hono-mqtt
,,0,2021-10-11T10:05:49Z,2021-10-14T10:05:49.343Z,2021-10-13T15:50:00Z,0,lux,telemetry,Upi_iotdev_9,hono-mqtt
,,0,2021-10-11T10:05:49Z,2021-10-14T10:05:49.343Z,2021-10-13T16:00:00Z,0,lux,telemetry,Upi_iotdev_9,hono-mqtt
,,0,2021-10-11T10:05:49Z,2021-10-14T10:05:49.343Z,2021-10-13T16:10:00Z,0,lux,telemetry,Upi_iotdev_9,hono-mqtt
,,0,2021-10-11T10:05:49Z,2021-10-14T10:05:49.343Z,2021-10-13T16:20:00Z,0,lux,telemetry,Upi_iotdev_9,hono-mqtt
,,0,2021-10-11T10:05:49Z,2021-10-14T10:05:49.343Z,2021-10-13T16:30:00Z,0,lux,telemetry,Upi_iotdev_9,hono-mqtt
,,0,2021-10-11T10:05:49Z,2021-10-14T10:05:49.343Z,2021-10-13T16:40:00Z,0,lux,telemetry,Upi_iotdev_9,hono-mqtt
,,0,2021-10-11T10:05:49Z,2021-10-14T10:05:49.343Z,2021-10-13T16:50:00Z,0,lux,telemetry,Upi_iotdev_9,hono-mqtt
,,0,2021-10-11T10:05:49Z,2021-10-14T10:05:49.343Z,2021-10-13T17:00:00Z,,lux,telemetry,Upi_iotdev_9,hono-mqtt
,,0,2021-10-11T10:05:49Z,2021-10-14T10:05:49.343Z,2021-10-13T17:10:00Z,0,lux,telemetry,Upi_iotdev_9,hono-mqtt
,,0,2021-10-11T10:05:49Z,2021-10-14T10:05:49.343Z,2021-10-13T17:20:00Z,0,lux,telemetry,Upi_iotdev_9,hono-mqtt
,,0,2021-10-11T10:05:49Z,2021-10-14T10:05:49.343Z,2021-10-13T17:30:00Z,0,lux,telemetry,Upi_iotdev_9,hono-mqtt
,,0,2021-10-11T10:05:49Z,2021-10-14T10:05:49.343Z,2021-10-13T17:40:00Z,0,lux,telemetry,Upi_iotdev_9,hono-mqtt
,,0,2021-10-11T10:05:49Z,2021-10-14T10:05:49.343Z,2021-10-13T17:50:00Z,0,lux,telemetry,Upi_iotdev_9,hono-mqtt
,,0,2021-10-11T10:05:49Z,2021-10-14T10:05:49.343Z,2021-10-13T18:00:00Z,0,lux,telemetry,Upi_iotdev_9,hono-mqtt
,,0,2021-10-11T10:05:49Z,2021-10-14T10:05:49.343Z,2021-10-13T18:10:00Z,0,lux,telemetry,Upi_iotdev_9,hono-mqtt
,,0,2021-10-11T10:05:49Z,2021-10-14T10:05:49.343Z,2021-10-13T18:20:00Z,0,lux,telemetry,Upi_iotdev_9,hono-mqtt
,,0,2021-10-11T10:05:49Z,2021-10-14T10:05:49.343Z,2021-10-13T18:30:00Z,,lux,telemetry,Upi_iotdev_9,hono-mqtt
,,0,2021-10-11T10:05:49Z,2021-10-14T10:05:49.343Z,2021-10-13T18:40:00Z,0,lux,telemetry,Upi_iotdev_9,hono-mqtt
,,0,2021-10-11T10:05:49Z,2021-10-14T10:05:49.343Z,2021-10-13T18:50:00Z,0,lux,telemetry,Upi_iotdev_9,hono-mqtt
,,0,2021-10-11T10:05:49Z,2021-10-14T10:05:49.343Z,2021-10-13T19:00:00Z,,lux,telemetry,Upi_iotdev_9,hono-mqtt
,,0,2021-10-11T10:05:49Z,2021-10-14T10:05:49.343Z,2021-10-13T19:10:00Z,0,lux,telemetry,Upi_iotdev_9,hono-mqtt
,,0,2021-10-11T10:05:49Z,2021-10-14T10:05:49.343Z,2021-10-13T19:20:00Z,0,lux,telemetry,Upi_iotdev_9,hono-mqtt
,,0,2021-10-11T10:05:49Z,2021-10-14T10:05:49.343Z,2021-10-13T19:30:00Z,,lux,telemetry,Upi_iotdev_9,hono-mqtt
,,0,2021-10-11T10:05:49Z,2021-10-14T10:05:49.343Z,2021-10-13T19:40:00Z,0,lux,telemetry,Upi_iotdev_9,hono-mqtt
,,0,2021-10-11T10:05:49Z,2021-10-14T10:05:49.343Z,2021-10-13T19:50:00Z,,lux,telemetry,Upi_iotdev_9,hono-mqtt
,,0,2021-10-11T10:05:49Z,2021-10-14T10:05:49.343Z,2021-10-13T20:00:00Z,0,lux,telemetry,Upi_iotdev_9,hono-mqtt
,,0,2021-10-11T10:05:49Z,2021-10-14T10:05:49.343Z,2021-10-13T20:10:00Z,0,lux,telemetry,Upi_iotdev_9,hono-mqtt
,,0,2021-10-11T10:05:49Z,2021-10-14T10:05:49.343Z,2021-10-13T20:20:00Z,,lux,telemetry,Upi_iotdev_9,hono-mqtt
,,0,2021-10-11T10:05:49Z,2021-10-14T10:05:49.343Z,2021-10-13T20:30:00Z,0,lux,telemetry,Upi_iotdev_9,hono-mqtt
,,0,2021-10-11T10:05:49Z,2021-10-14T10:05:49.343Z,2021-10-13T20:40:00Z,0,lux,telemetry,Upi_iotdev_9,hono-mqtt
,,0,2021-10-11T10:05:49Z,2021-10-14T10:05:49.343Z,2021-10-13T20:50:00Z,0,lux,telemetry,Upi_iotdev_9,hono-mqtt
,,0,2021-10-11T10:05:49Z,2021-10-14T10:05:49.343Z,2021-10-13T21:00:00Z,0,lux,telemetry,Upi_iotdev_9,hono-mqtt
,,0,2021-10-11T10:05:49Z,2021-10-14T10:05:49.343Z,2021-10-13T21:10:00Z,0,lux,telemetry,Upi_iotdev_9,hono-mqtt
,,0,2021-10-11T10:05:49Z,2021-10-14T10:05:49.343Z,2021-10-13T21:20:00Z,0,lux,telemetry,Upi_iotdev_9,hono-mqtt
,,0,2021-10-11T10:05:49Z,2021-10-14T10:05:49.343Z,2021-10-13T21:30:00Z,0,lux,telemetry,Upi_iotdev_9,hono-mqtt
,,0,2021-10-11T10:05:49Z,2021-10-14T10:05:49.343Z,2021-10-13T21:40:00Z,0,lux,telemetry,Upi_iotdev_9,hono-mqtt
,,0,2021-10-11T10:05:49Z,2021-10-14T10:05:49.343Z,2021-10-13T21:50:00Z,0,lux,telemetry,Upi_iotdev_9,hono-mqtt
,,0,2021-10-11T10:05:49Z,2021-10-14T10:05:49.343Z,2021-10-13T22:00:00Z,0,lux,telemetry,Upi_iotdev_9,hono-mqtt
,,0,2021-10-11T10:05:49Z,2021-10-14T10:05:49.343Z,2021-10-13T22:10:00Z,0,lux,telemetry,Upi_iotdev_9,hono-mqtt
,,0,2021-10-11T10:05:49Z,2021-10-14T10:05:49.343Z,2021-10-13T22:20:00Z,1.666667,lux,telemetry,Upi_iotdev_9,hono-mqtt
,,0,2021-10-11T10:05:49Z,2021-10-14T10:05:49.343Z,2021-10-13T22:30:00Z,35,lux,telemetry,Upi_iotdev_9,hono-mqtt
,,0,2021-10-11T10:05:49Z,2021-10-14T10:05:49.343Z,2021-10-13T22:40:00Z,185,lux,telemetry,Upi_iotdev_9,hono-mqtt
,,0,2021-10-11T10:05:49Z,2021-10-14T10:05:49.343Z,2021-10-13T22:50:00Z,561.6666,lux,telemetry,Upi_iotdev_9,hono-mqtt
,,0,2021-10-11T10:05:49Z,2021-10-14T10:05:49.343Z,2021-10-13T23:00:00Z,1002.5,lux,telemetry,Upi_iotdev_9,hono-mqtt
,,0,2021-10-11T10:05:49Z,2021-10-14T10:05:49.343Z,2021-10-13T23:10:00Z,1441.667,lux,telemetry,Upi_iotdev_9,hono-mqtt
,,0,2021-10-11T10:05:49Z,2021-10-14T10:05:49.343Z,2021-10-13T23:20:00Z,1827.5,lux,telemetry,Upi_iotdev_9,hono-mqtt
,,0,2021-10-11T10:05:49Z,2021-10-14T10:05:49.343Z,2021-10-13T23:30:00Z,2276.667,lux,telemetry,Upi_iotdev_9,hono-mqtt
,,0,2021-10-11T10:05:49Z,2021-10-14T10:05:49.343Z,2021-10-13T23:40:00Z,2496.667,lux,telemetry,Upi_iotdev_9,hono-mqtt
,,0,2021-10-11T10:05:49Z,2021-10-14T10:05:49.343Z,2021-10-13T23:50:00Z,2860,lux,telemetry,Upi_iotdev_9,hono-mqtt
,,0,2021-10-11T10:05:49Z,2021-10-14T10:05:49.343Z,2021-10-14T00:00:00Z,3350.833,lux,telemetry,Upi_iotdev_9,hono-mqtt
,,0,2021-10-11T10:05:49Z,2021-10-14T10:05:49.343Z,2021-10-14T00:10:00Z,3965.833,lux,telemetry,Upi_iotdev_9,hono-mqtt
,,0,2021-10-11T10:05:49Z,2021-10-14T10:05:49.343Z,2021-10-14T00:20:00Z,4790.833,lux,telemetry,Upi_iotdev_9,hono-mqtt
,,0,2021-10-11T10:05:49Z,2021-10-14T10:05:49.343Z,2021-10-14T00:30:00Z,6754.167,lux,telemetry,Upi_iotdev_9,hono-mqtt
,,0,2021-10-11T10:05:49Z,2021-10-14T10:05:49.343Z,2021-10-14T00:40:00Z,7774.167,lux,telemetry,Upi_iotdev_9,hono-mqtt
,,0,2021-10-11T10:05:49Z,2021-10-14T10:05:49.343Z,2021-10-14T00:50:00Z,9632.5,lux,telemetry,Upi_iotdev_9,hono-mqtt
,,0,2021-10-11T10:05:49Z,2021-10-14T10:05:49.343Z,2021-10-14T01:00:00Z,11478.33,lux,telemetry,Upi_iotdev_9,hono-mqtt
,,0,2021-10-11T10:05:49Z,2021-10-14T10:05:49.343Z,2021-10-14T01:10:00Z,13170,lux,telemetry,Upi_iotdev_9,hono-mqtt
,,0,2021-10-11T10:05:49Z,2021-10-14T10:05:49.343Z,2021-10-14T01:20:00Z,14630.83,lux,telemetry,Upi_iotdev_9,hono-mqtt
,,0,2021-10-11T10:05:49Z,2021-10-14T10:05:49.343Z,2021-10-14T01:30:00Z,20186.67,lux,telemetry,Upi_iotdev_9,hono-mqtt
,,0,2021-10-11T10:05:49Z,2021-10-14T10:05:49.343Z,2021-10-14T01:40:00Z,17519.17,lux,telemetry,Upi_iotdev_9,hono-mqtt
,,0,2021-10-11T10:05:49Z,2021-10-14T10:05:49.343Z,2021-10-14T01:50:00Z,16505.83,lux,telemetry,Upi_iotdev_9,hono-mqtt
,,0,2021-10-11T10:05:49Z,2021-10-14T10:05:49.343Z,2021-10-14T02:00:00Z,9690,lux,telemetry,Upi_iotdev_9,hono-mqtt
,,0,2021-10-11T10:05:49Z,2021-10-14T10:05:49.343Z,2021-10-14T02:10:00Z,10095,lux,telemetry,Upi_iotdev_9,hono-mqtt
,,0,2021-10-11T10:05:49Z,2021-10-14T10:05:49.343Z,2021-10-14T02:20:00Z,12970,lux,telemetry,Upi_iotdev_9,hono-mqtt
,,0,2021-10-11T10:05:49Z,2021-10-14T10:05:49.343Z,2021-10-14T02:30:00Z,30505,lux,telemetry,Upi_iotdev_9,hono-mqtt
,,0,2021-10-11T10:05:49Z,2021-10-14T10:05:49.343Z,2021-10-14T02:40:00Z,11791.67,lux,telemetry,Upi_iotdev_9,hono-mqtt
,,0,2021-10-11T10:05:49Z,2021-10-14T10:05:49.343Z,2021-10-14T02:50:00Z,32666.67,lux,telemetry,Upi_iotdev_9,hono-mqtt
,,0,2021-10-11T10:05:49Z,2021-10-14T10:05:49.343Z,2021-10-14T03:00:00Z,36346.66,lux,telemetry,Upi_iotdev_9,hono-mqtt
,,0,2021-10-11T10:05:49Z,2021-10-14T10:05:49.343Z,2021-10-14T03:10:00Z,40435,lux,telemetry,Upi_iotdev_9,hono-mqtt
,,0,2021-10-11T10:05:49Z,2021-10-14T10:05:49.343Z,2021-10-14T03:20:00Z,35743.33,lux,telemetry,Upi_iotdev_9,hono-mqtt
,,0,2021-10-11T10:05:49Z,2021-10-14T10:05:49.343Z,2021-10-14T03:30:00Z,21076.67,lux,telemetry,Upi_iotdev_9,hono-mqtt
,,0,2021-10-11T10:05:49Z,2021-10-14T10:05:49.343Z,2021-10-14T03:40:00Z,24420.83,lux,telemetry,Upi_iotdev_9,hono-mqtt
,,0,2021-10-11T10:05:49Z,2021-10-14T10:05:49.343Z,2021-10-14T03:50:00Z,42583.33,lux,telemetry,Upi_iotdev_9,hono-mqtt
,,0,2021-10-11T10:05:49Z,2021-10-14T10:05:49.343Z,2021-10-14T04:00:00Z,46551.66,lux,telemetry,Upi_iotdev_9,hono-mqtt
,,0,2021-10-11T10:05:49Z,2021-10-14T10:05:49.343Z,2021-10-14T04:10:00Z,25685.83,lux,telemetry,Upi_iotdev_9,hono-mqtt
,,0,2021-10-11T10:05:49Z,2021-10-14T10:05:49.343Z,2021-10-14T04:20:00Z,54612.5,lux,telemetry,Upi_iotdev_9,hono-mqtt
,,0,2021-10-11T10:05:49Z,2021-10-14T10:05:49.343Z,2021-10-14T04:30:00Z,20823.33,lux,telemetry,Upi_iotdev_9,hono-mqtt
,,0,2021-10-11T10:05:49Z,2021-10-14T10:05:49.343Z,2021-10-14T04:40:00Z,54612.5,lux,telemetry,Upi_iotdev_9,hono-mqtt
,,0,2021-10-11T10:05:49Z,2021-10-14T10:05:49.343Z,2021-10-14T04:50:00Z,22643.33,lux,telemetry,Upi_iotdev_9,hono-mqtt
,,0,2021-10-11T10:05:49Z,2021-10-14T10:05:49.343Z,2021-10-14T05:00:00Z,20323.33,lux,telemetry,Upi_iotdev_9,hono-mqtt
,,0,2021-10-11T10:05:49Z,2021-10-14T10:05:49.343Z,2021-10-14T05:10:00Z,,lux,telemetry,Upi_iotdev_9,hono-mqtt
,,0,2021-10-11T10:05:49Z,2021-10-14T10:05:49.343Z,2021-10-14T05:20:00Z,20600,lux,telemetry,Upi_iotdev_9,hono-mqtt
,,0,2021-10-11T10:05:49Z,2021-10-14T10:05:49.343Z,2021-10-14T05:30:00Z,14005,lux,telemetry,Upi_iotdev_9,hono-mqtt
,,0,2021-10-11T10:05:49Z,2021-10-14T10:05:49.343Z,2021-10-14T05:40:00Z,7667.5,lux,telemetry,Upi_iotdev_9,hono-mqtt
,,0,2021-10-11T10:05:49Z,2021-10-14T10:05:49.343Z,2021-10-14T05:50:00Z,11856.67,lux,telemetry,Upi_iotdev_9,hono-mqtt
,,0,2021-10-11T10:05:49Z,2021-10-14T10:05:49.343Z,2021-10-14T06:00:00Z,7655,lux,telemetry,Upi_iotdev_9,hono-mqtt
,,0,2021-10-11T10:05:49Z,2021-10-14T10:05:49.343Z,2021-10-14T06:10:00Z,5865.833,lux,telemetry,Upi_iotdev_9,hono-mqtt
,,0,2021-10-11T10:05:49Z,2021-10-14T10:05:49.343Z,2021-10-14T06:20:00Z,,lux,telemetry,Upi_iotdev_9,hono-mqtt
,,0,2021-10-11T10:05:49Z,2021-10-14T10:05:49.343Z,2021-10-14T06:30:00Z,,lux,telemetry,Upi_iotdev_9,hono-mqtt
,,0,2021-10-11T10:05:49Z,2021-10-14T10:05:49.343Z,2021-10-14T06:40:00Z,3775.833,lux,telemetry,Upi_iotdev_9,hono-mqtt
,,0,2021-10-11T10:05:49Z,2021-10-14T10:05:49.343Z,2021-10-14T06:50:00Z,3203.333,lux,telemetry,Upi_iotdev_9,hono-mqtt
,,0,2021-10-11T10:05:49Z,2021-10-14T10:05:49.343Z,2021-10-14T07:00:00Z,3800.833,lux,telemetry,Upi_iotdev_9,hono-mqtt
,,0,2021-10-11T10:05:49Z,2021-10-14T10:05:49.343Z,2021-10-14T07:10:00Z,7610.833,lux,telemetry,Upi_iotdev_9,hono-mqtt
,,0,2021-10-11T10:05:49Z,2021-10-14T10:05:49.343Z,2021-10-14T07:20:00Z,8484.166,lux,telemetry,Upi_iotdev_9,hono-mqtt
,,0,2021-10-11T10:05:49Z,2021-10-14T10:05:49.343Z,2021-10-14T07:30:00Z,12174.17,lux,telemetry,Upi_iotdev_9,hono-mqtt
,,0,2021-10-11T10:05:49Z,2021-10-14T10:05:49.343Z,2021-10-14T07:40:00Z,10102.5,lux,telemetry,Upi_iotdev_9,hono-mqtt
,,0,2021-10-11T10:05:49Z,2021-10-14T10:05:49.343Z,2021-10-14T07:50:00Z,24736.67,lux,telemetry,Upi_iotdev_9,hono-mqtt
,,0,2021-10-11T10:05:49Z,2021-10-14T10:05:49.343Z,2021-10-14T08:00:00Z,26504.17,lux,telemetry,Upi_iotdev_9,hono-mqtt
,,0,2021-10-11T10:05:49Z,2021-10-14T10:05:49.343Z,2021-10-14T08:10:00Z,27704.17,lux,telemetry,Upi_iotdev_9,hono-mqtt
,,0,2021-10-11T10:05:49Z,2021-10-14T10:05:49.343Z,2021-10-14T08:20:00Z,,lux,telemetry,Upi_iotdev_9,hono-mqtt
,,0,2021-10-11T10:05:49Z,2021-10-14T10:05:49.343Z,2021-10-14T08:30:00Z,25878.33,lux,telemetry,Upi_iotdev_9,hono-mqtt
,,0,2021-10-11T10:05:49Z,2021-10-14T10:05:49.343Z,2021-10-14T08:40:00Z,12689.17,lux,telemetry,Upi_iotdev_9,hono-mqtt
,,0,2021-10-11T10:05:49Z,2021-10-14T10:05:49.343Z,2021-10-14T08:50:00Z,13175,lux,telemetry,Upi_iotdev_9,hono-mqtt
,,0,2021-10-11T10:05:49Z,2021-10-14T10:05:49.343Z,2021-10-14T09:00:00Z,,lux,telemetry,Upi_iotdev_9,hono-mqtt
,,0,2021-10-11T10:05:49Z,2021-10-14T10:05:49.343Z,2021-10-14T09:10:00Z,1486.667,lux,telemetry,Upi_iotdev_9,hono-mqtt
,,0,2021-10-11T10:05:49Z,2021-10-14T10:05:49.343Z,2021-10-14T09:20:00Z,685,lux,telemetry,Upi_iotdev_9,hono-mqtt
,,0,2021-10-11T10:05:49Z,2021-10-14T10:05:49.343Z,2021-10-14T09:30:00Z,425,lux,telemetry,Upi_iotdev_9,hono-mqtt
,,0,2021-10-11T10:05:49Z,2021-10-14T10:05:49.343Z,2021-10-14T09:40:00Z,886.6666,lux,telemetry,Upi_iotdev_9,hono-mqtt
,,0,2021-10-11T10:05:49Z,2021-10-14T10:05:49.343Z,2021-10-14T09:50:00Z,773.3333,lux,telemetry,Upi_iotdev_9,hono-mqtt
,,0,2021-10-11T10:05:49Z,2021-10-14T10:05:49.343Z,2021-10-14T10:00:00Z,1565.833,lux,telemetry,Upi_iotdev_9,hono-mqtt
,,0,2021-10-11T10:05:49Z,2021-10-14T10:05:49.343Z,2021-10-14T10:05:49.343Z,937.4999,lux,telemetry,Upi_iotdev_9,hono-mqtt

